{"cameraMode":{"drawMode":0,"name":"Shaded","section":"Shading Mode"},"sceneLighting":true,"audioPlay":false,"sceneViewState":{"showFog":true,"showMaterialUpdate":false,"showSkybox":true,"showFlares":true,"showImageEffects":true,"showParticleSystems":true},"in2DMode":false,"pivot":{"x":-1.1604763269424439,"y":2.231919288635254,"z":0.7782095074653626},"rotation":{"x":-0.048437751829624179,"y":0.9442653656005859,"z":-0.1619046926498413,"w":-0.28249961137771609},"size":7.0642876625061039,"orthographic":false}